{
  "lon_min": 45.37028305429542,
  "lon_max": 61.52515561350727,
  "lat_min": 6.803508013976659,
  "lat_max": 20.176367580479514,
  "width": 160,
  "height": 160,
  "crs": "EPSG:4326",
  "bounds": [
    [
      6.803508013976659,
      45.37028305429542
    ],
    [
      20.176367580479514,
      61.52515561350727
    ]
  ]
}